ProductKey,ProductName,Qty,Category,Price,IsActive,CreatedDate,UpdatedDate
1,Purpose Brother,327,Electronics,54.9,1,3/18/2020,4/17/2025 19:27
2,Election Dog,125,Furniture,283.38,1,3/9/2021,2/9/2025 19:19
3,Require Sit,346,Sports,1784.9,1,8/21/2024,2/3/2025 18:19
4,Performance Knowledge,302,Food,68.41,1,4/8/2020,1/12/2025 13:43
5,Better Discover,111,Furniture,1013.18,1,12/23/2021,7/16/2025 6:15
6,Play Agreement,287,Furniture,1433.46,1,10/9/2024,3/19/2025 5:18
7,Sense Rate,112,Food,1180.59,1,8/20/2024,6/12/2025 22:12
8,Discussion List,388,Books,323.52,1,1/4/2025,4/19/2025 0:55
9,Table True,174,Clothing,315.18,1,1/21/2020,3/4/2025 0:07
10,Save Knowledge,52,Electronics,762.95,1,11/23/2022,4/18/2025 21:56
11,Clearly Dinner,433,Clothing,1209.43,1,11/11/2022,2/9/2025 16:40
12,Best Husband,373,Food,1074.78,1,10/27/2020,5/20/2025 9:55
13,Throw Guy,40,Health,589.89,1,2/18/2025,4/13/2025 17:30
14,Surface Animal,295,Furniture,1410.62,1,11/28/2023,7/28/2025 6:00
15,Capital Win,338,Furniture,1547.27,1,3/22/2023,1/31/2025 14:28
16,Old Finally,437,Furniture,1733.63,1,5/7/2025,8/29/2025 5:01
17,Value Training,142,Food,1273.19,1,1/28/2023,8/13/2025 5:18
18,Dark Sea,83,Clothing,713.77,1,8/4/2020,1/18/2025 19:06
19,Recently Drive,359,Sports,1297.83,1,6/18/2022,1/31/2025 23:42
20,Top Early,273,Sports,493.4,1,11/9/2020,5/28/2025 15:01
21,Fall Long,194,Clothing,1979.1,1,5/29/2025,5/22/2025 16:28
22,Commercial Hospital,350,Clothing,1686.49,1,1/8/2023,3/23/2025 8:44
23,Religious Example,117,Books,69.04,1,7/6/2025,1/28/2025 17:31
24,Politics Prove,205,Clothing,137.05,1,6/15/2021,7/27/2025 10:32
25,Shoulder Election,108,Sports,1000.97,1,5/22/2021,6/29/2025 12:34
26,Hundred Expect,73,Clothing,283.56,1,6/11/2025,8/5/2025 7:08
27,Discuss Reveal,382,Health,859.73,1,10/4/2022,1/22/2025 17:22
28,Drop Term,185,Furniture,1994.66,1,4/9/2020,5/3/2025 12:14
29,Institution Executive,260,Food,186.36,1,7/24/2020,3/23/2025 22:30
30,White Yes,440,Electronics,309.92,1,10/28/2024,5/3/2025 5:00
31,Difference Reality,405,Sports,847.21,1,3/31/2024,6/3/2025 15:33
32,Usually Who,197,Food,1193.8,1,6/20/2025,6/28/2025 4:48
33,Character Evidence,270,Clothing,1942.3,1,3/9/2021,4/6/2025 18:44
34,Size Option,348,Sports,233.53,1,8/1/2024,4/13/2025 0:55
35,Skin Pattern,393,Sports,683.65,1,8/24/2023,8/15/2025 14:55
36,Inside High,222,Furniture,910.18,1,11/12/2021,2/23/2025 17:20
37,Mr Minute,497,Health,1525.11,1,10/9/2020,1/19/2025 7:09
38,Traditional Break,445,Sports,600.4,1,4/19/2021,9/1/2025 16:13
39,Collection Structure,78,Clothing,1526.21,1,8/4/2023,8/20/2025 14:56
40,Attack Image,306,Clothing,979.77,1,3/31/2023,8/20/2025 10:04
41,Management Newspaper,475,Clothing,1758.05,1,2/20/2022,8/3/2025 20:26
42,Traditional Yes,122,Electronics,485.54,1,2/5/2020,2/14/2025 11:41
43,Rest Value,43,Sports,974.55,1,7/26/2024,4/14/2025 14:59
44,Specific Put,500,Books,1067.75,1,11/22/2022,2/13/2025 7:44
45,Finally Learn,65,Sports,953.19,1,5/6/2021,6/26/2025 5:00
46,About Seven,135,Health,1745.5,1,3/29/2022,7/14/2025 9:48
47,Sound Could,493,Furniture,1858.18,1,4/26/2024,2/11/2025 7:49
48,Truth Process,365,Clothing,800.99,1,7/16/2022,7/17/2025 3:45
49,Politics Decide,224,Health,905.71,1,4/19/2021,5/26/2025 5:07
50,Sound Color,115,Electronics,679.48,1,8/2/2024,7/25/2025 23:15
51,Why A,301,Furniture,19.35,1,2/3/2025,5/6/2025 21:21
52,Middle After,117,Electronics,1811.31,1,12/13/2020,5/21/2025 23:13
53,Unit Theory,36,Health,479.82,1,8/13/2022,4/3/2025 23:51
54,Article Effect,109,Health,268.96,1,10/28/2024,1/31/2025 14:04
55,Bed Sign,124,Books,948.58,1,2/18/2024,1/27/2025 21:06
56,Soon No,97,Electronics,198.38,1,1/25/2021,2/19/2025 20:41
57,Receive May,181,Food,825.15,1,9/4/2024,3/6/2025 3:05
58,Evidence News,344,Sports,1968.41,1,2/27/2025,6/14/2025 7:55
59,Development Woman,31,Food,1457.79,1,8/2/2024,3/20/2025 2:51
60,Sell Forget,127,Furniture,384.47,1,5/24/2023,5/26/2025 0:31
61,Left We,71,Food,371.06,1,5/27/2024,6/25/2025 8:09
62,Camera End,127,Books,1846.91,1,11/29/2021,1/25/2025 20:45
63,Ground Against,413,Books,1712.65,1,1/1/2025,8/4/2025 2:55
64,Drug Per,25,Sports,1998.57,1,11/15/2021,1/3/2025 19:01
65,Avoid Second,496,Electronics,1853.1,1,5/14/2025,1/23/2025 20:44
66,Drop Author,85,Food,973.85,1,4/7/2020,5/9/2025 7:49
67,Avoid My,442,Food,1805.37,1,1/9/2022,4/19/2025 3:35
68,Relationship Mention,194,Electronics,1970.69,1,10/27/2021,7/29/2025 10:01
69,Cause Several,474,Books,1571.33,1,11/9/2024,8/12/2025 18:40
70,Material Eight,216,Sports,1914.85,1,1/9/2024,6/8/2025 2:04
71,Customer Between,79,Furniture,596.93,1,10/28/2020,6/17/2025 9:41
72,Health Land,296,Sports,1086.68,1,7/1/2023,7/1/2025 8:59
73,Treat Shoulder,29,Electronics,1170.43,1,6/17/2020,2/8/2025 5:19
74,Ask Interesting,29,Health,164.82,1,11/20/2022,2/12/2025 10:27
75,Energy Dark,35,Health,140.58,1,8/13/2021,7/28/2025 6:32
76,List Challenge,206,Electronics,1883.48,1,8/3/2023,3/13/2025 6:13
77,Family Maintain,296,Health,84.28,1,2/15/2022,1/30/2025 6:38
78,Level System,214,Sports,1169.43,1,9/5/2024,2/8/2025 0:34
79,Apply Reach,478,Clothing,412.5,1,8/6/2024,1/6/2025 17:33
80,Better With,122,Clothing,794.59,1,1/4/2022,3/6/2025 14:07
81,Investment Mention,234,Clothing,1858.39,1,2/4/2024,3/25/2025 0:16
82,Treatment Institution,4,Food,1244.21,1,7/1/2020,3/5/2025 22:31
83,Hundred Able,37,Health,430.24,1,4/27/2023,4/13/2025 23:52
84,With Step,67,Clothing,1762.32,1,11/14/2023,4/21/2025 18:42
85,Land Same,189,Clothing,319.7,1,9/22/2024,7/9/2025 0:06
86,Clear Customer,313,Books,1309.68,1,7/10/2022,3/26/2025 13:07
87,Article Particularly,341,Books,1111.43,1,8/11/2024,1/24/2025 16:09
88,Small Former,480,Furniture,532.61,1,6/26/2020,1/20/2025 11:21
89,Pattern Me,380,Health,315.12,1,4/11/2024,7/26/2025 6:27
90,Coach Art,309,Furniture,1436.64,1,4/26/2024,2/1/2025 2:41
91,Today Cultural,351,Sports,1706.56,1,7/31/2020,8/20/2025 2:07
92,Author Republican,128,Books,106.34,1,12/31/2021,6/6/2025 19:27
93,Call Year,424,Clothing,92.95,1,11/4/2024,4/6/2025 14:53
94,Particular Phone,394,Furniture,1276.04,1,5/3/2020,8/29/2025 13:03
95,Beat Kind,82,Sports,886.46,1,8/4/2025,8/15/2025 16:13
96,Other Necessary,287,Electronics,228.19,1,9/9/2022,4/12/2025 6:30
97,Democratic Relationship,279,Electronics,1670.02,1,9/3/2022,4/3/2025 16:42
98,Evidence Individual,220,Furniture,88.45,1,2/10/2021,4/27/2025 12:10
99,Lot Four,460,Books,1944.53,1,8/13/2020,1/4/2025 14:49
100,Low Pretty,460,Clothing,424.1,1,10/15/2024,2/8/2025 19:53
101,Back Note,341,Electronics,710.59,1,10/24/2021,7/16/2025 11:11
102,Evidence Cause,498,Health,1500.21,1,12/20/2022,1/27/2025 17:10
103,Until Election,442,Furniture,1952.53,1,2/22/2023,4/21/2025 16:16
104,Coach Left,451,Food,54.45,1,8/14/2024,4/28/2025 11:39
105,Population Surface,400,Food,1605.46,1,7/24/2025,7/25/2025 10:05
106,Across Region,136,Furniture,1575.81,1,9/19/2024,4/27/2025 6:24
107,Work Record,195,Books,82.26,1,11/17/2020,2/22/2025 3:41
108,Everything Business,113,Furniture,1634.09,1,11/28/2020,8/3/2025 20:25
109,Clearly Expert,179,Clothing,1641.97,1,5/25/2022,8/23/2025 21:25
110,Develop Series,114,Electronics,1321.77,1,12/1/2022,3/21/2025 1:39
111,Right Protect,168,Clothing,1729.38,1,3/31/2022,7/16/2025 6:45
112,Middle Enter,179,Sports,1021.26,1,6/6/2020,2/5/2025 20:17
113,Protect Land,480,Electronics,235.11,1,5/9/2022,1/18/2025 2:55
114,About Goal,91,Health,1925.26,1,2/10/2021,4/12/2025 17:36
115,Color Site,19,Electronics,1195.16,1,10/4/2023,8/3/2025 6:02
116,Season Late,373,Books,630.79,1,10/8/2024,1/4/2025 18:07
117,Brother Bag,197,Health,384.21,1,4/8/2021,7/31/2025 21:16
118,Also They,362,Food,8.37,1,2/21/2023,8/15/2025 5:22
119,Old Choose,186,Food,144.6,1,8/28/2023,2/19/2025 11:52
120,Analysis Foot,319,Clothing,1328.46,1,2/6/2023,1/16/2025 11:50
121,Way Help,368,Clothing,1016.71,1,10/14/2021,4/7/2025 21:47
122,Reflect Board,167,Food,1395.93,1,1/3/2023,8/6/2025 10:29
123,Usually Two,98,Food,1331.53,1,6/16/2023,8/30/2025 0:59
124,So Clear,346,Sports,1806.1,1,1/5/2022,3/5/2025 2:37
125,Such Talk,207,Health,1668.28,1,7/4/2021,6/10/2025 2:51
126,Ago Country,146,Furniture,862.63,1,10/29/2022,6/9/2025 21:26
127,Suffer Relationship,238,Food,887.11,1,2/10/2022,4/14/2025 14:48
128,Collection Store,261,Food,1588.5,1,12/1/2020,5/29/2025 13:32
129,Turn American,337,Electronics,571.15,1,1/2/2024,3/28/2025 9:13
130,Decision Technology,47,Books,1904.24,1,12/1/2023,5/16/2025 19:03
131,Focus Tend,344,Clothing,453.16,1,12/8/2021,3/28/2025 13:47
132,Agent Receive,75,Electronics,97.2,1,8/23/2021,6/4/2025 17:58
133,Get Family,312,Books,1538.14,1,8/3/2020,4/19/2025 9:38
134,Have Put,212,Sports,1153.46,1,5/1/2024,6/5/2025 5:16
135,Respond Threat,253,Food,491.75,1,7/23/2024,5/9/2025 14:32
136,Wrong Ahead,457,Books,1721.58,1,12/24/2020,4/12/2025 10:42
137,Could Partner,398,Food,441.59,1,4/4/2022,1/15/2025 20:34
138,Boy Pick,25,Health,502.15,1,9/12/2023,5/15/2025 6:02
139,Shoulder Stop,233,Furniture,1603.83,1,9/1/2022,6/19/2025 11:29
140,Police Much,486,Books,1783.39,1,12/25/2020,5/30/2025 14:16
141,We Part,425,Health,894.6,1,8/13/2021,4/9/2025 22:11
142,Another Section,380,Books,951.98,1,9/16/2023,1/1/2025 15:45
143,Nature Wish,384,Furniture,1680.53,1,7/30/2024,3/18/2025 12:30
144,Himself Lawyer,392,Books,1044.99,1,8/5/2020,5/9/2025 5:41
145,Price Former,140,Food,159.58,1,8/23/2025,2/18/2025 9:35
146,Service We,120,Clothing,675.02,1,7/22/2022,7/16/2025 22:43
147,For Reflect,70,Furniture,466.37,1,6/22/2023,5/7/2025 16:14
148,Interesting Same,361,Furniture,133.14,1,7/7/2022,8/4/2025 7:29
149,Care Dark,169,Health,934.52,1,7/30/2023,5/28/2025 5:53
150,Research Smile,105,Books,843.19,1,6/24/2021,8/28/2025 1:00
151,Outside Fish,438,Books,1153.5,1,6/15/2023,8/1/2025 19:08
152,These A,3,Clothing,600.73,1,8/2/2022,4/22/2025 10:13
153,Develop Law,436,Books,840.95,1,12/6/2024,8/24/2025 14:29
154,Real Fund,249,Furniture,549.51,1,12/15/2023,6/21/2025 13:44
155,Letter Republican,14,Food,675.58,1,10/25/2021,7/18/2025 12:29
156,Material Student,370,Furniture,1681.81,1,6/11/2021,2/2/2025 22:21
157,Federal Myself,318,Health,58.8,1,8/24/2025,8/29/2025 11:55
158,Government Better,303,Health,1327.68,1,12/30/2021,5/1/2025 13:19
159,Down Sure,329,Food,275.72,1,9/10/2021,2/27/2025 5:26
160,Ago Any,93,Electronics,524.01,1,1/30/2022,7/4/2025 12:35
161,Popular To,108,Food,657.06,1,8/14/2020,6/26/2025 20:47
162,Join Various,142,Books,1902.65,1,5/10/2025,8/12/2025 13:38
163,Day Serious,129,Books,168.4,1,4/7/2023,7/11/2025 23:55
164,Instead Either,383,Health,108.91,1,4/3/2021,1/3/2025 3:40
165,Walk Social,114,Sports,141.89,1,11/27/2020,6/15/2025 2:38
166,Discuss Control,386,Electronics,1899.48,1,5/28/2024,6/30/2025 9:55
167,Apply Onto,429,Electronics,1244.56,1,2/13/2022,2/17/2025 3:08
168,Loss Cell,64,Food,1340.57,1,12/14/2023,7/26/2025 6:30
169,Operation Physical,238,Sports,516.21,1,9/12/2022,6/21/2025 21:04
170,Position Teacher,85,Health,1216.46,1,4/17/2024,6/15/2025 17:30
171,Then What,398,Books,331.71,1,8/29/2024,6/23/2025 4:12
172,Watch Cold,55,Health,56.23,1,1/14/2024,6/24/2025 18:57
173,Event Society,294,Sports,1816.51,1,2/7/2022,4/18/2025 16:43
174,Space Star,203,Sports,400.67,1,6/7/2024,7/8/2025 4:46
175,Produce Edge,52,Sports,1546.1,1,5/3/2022,6/20/2025 19:54
176,Bank Sell,407,Health,1566.36,1,6/6/2022,4/2/2025 1:38
177,Expert Government,272,Food,1324.74,1,9/20/2022,7/29/2025 18:35
178,Be Certainly,259,Sports,685.76,1,4/13/2021,3/31/2025 19:30
179,Identify Rule,421,Food,215.55,1,4/19/2021,3/25/2025 2:11
180,Attack Join,325,Books,922.18,1,6/20/2023,5/9/2025 12:02
181,Occur Man,222,Furniture,1468.92,1,7/15/2023,1/25/2025 4:21
182,Design There,315,Books,1839.64,1,7/29/2023,6/1/2025 6:11
183,West Speech,238,Food,1652.34,1,12/19/2024,1/8/2025 14:03
184,Tough Up,165,Books,494.76,1,11/23/2024,5/28/2025 17:24
185,Me According,142,Food,491.51,1,12/28/2022,4/26/2025 23:16
186,Some In,291,Health,1338.04,1,7/25/2023,7/29/2025 0:34
187,Small Simple,14,Food,1702.65,1,8/23/2024,8/23/2025 6:43
188,Water Discussion,249,Furniture,712.88,1,2/25/2024,3/27/2025 5:09
189,Explain Least,174,Clothing,1761.24,1,2/17/2024,1/12/2025 6:31
190,Improve Great,284,Electronics,1035.67,1,6/10/2023,3/6/2025 2:19
191,Though Manage,43,Furniture,1441.55,1,1/31/2021,8/30/2025 15:51
192,None Agreement,284,Books,484.45,1,5/9/2023,8/18/2025 20:50
193,Organization Recognize,330,Sports,984.19,1,3/25/2020,2/2/2025 14:26
194,Question Later,47,Clothing,447.08,1,2/25/2021,6/29/2025 7:20
195,Court Apply,156,Sports,1165.2,1,3/19/2022,5/28/2025 5:30
196,Generation Development,283,Health,690.8,1,11/13/2023,5/7/2025 22:25
197,Green Sort,180,Sports,910.22,1,3/23/2023,4/19/2025 1:32
198,Soldier Theory,128,Furniture,245.71,1,8/2/2023,4/8/2025 23:20
199,They Beat,161,Electronics,1487.05,1,1/1/2024,1/8/2025 12:39
200,So Notice,98,Furniture,1478.52,1,6/10/2020,5/16/2025 21:52
201,Door Rate,370,Health,1953.33,1,8/1/2020,1/16/2025 15:13
202,Somebody Allow,51,Books,392.26,1,2/7/2022,3/19/2025 10:10
203,Those Again,184,Furniture,608.02,1,4/14/2025,3/1/2025 4:18
204,Edge Card,140,Electronics,1948.72,1,1/11/2024,2/14/2025 10:11
205,Organization Yourself,357,Furniture,1277.55,1,11/8/2021,6/30/2025 14:25
206,Scene Establish,52,Books,29.47,1,2/20/2023,3/7/2025 3:54
207,Police Policy,240,Food,883.74,1,12/21/2020,3/5/2025 14:24
208,Foreign Box,494,Electronics,508.69,1,12/2/2024,1/10/2025 23:20
209,Woman Forget,58,Books,135.36,1,11/23/2024,5/26/2025 18:06
210,Industry Year,37,Health,1260.74,1,9/8/2021,1/30/2025 12:20
211,Person Rock,77,Furniture,1623.23,1,5/2/2025,4/5/2025 7:31
212,Blue Same,43,Furniture,241.31,1,7/25/2022,8/22/2025 4:14
213,Support Camera,310,Health,1582.53,1,10/24/2024,1/16/2025 22:47
214,Hand No,397,Health,763.85,1,8/23/2023,5/24/2025 21:58
215,Authority Move,152,Books,1179.11,1,7/4/2025,5/13/2025 12:30
216,Actually Time,156,Health,1243.95,1,7/29/2023,7/10/2025 9:00
217,Born Lead,485,Books,419.54,1,1/30/2023,6/28/2025 13:04
218,Second Claim,135,Sports,166.97,1,9/15/2023,3/10/2025 9:42
219,Similar Nearly,88,Health,154.75,1,7/13/2025,4/15/2025 21:21
220,Power System,209,Food,1380.3,1,7/30/2024,7/7/2025 18:31
221,Make Least,149,Electronics,466.8,1,1/14/2025,4/15/2025 5:37
222,Future Together,359,Books,910.79,1,2/1/2022,2/3/2025 15:45
223,Family Upon,473,Clothing,1576.72,1,11/1/2023,4/5/2025 16:58
224,Social Majority,217,Electronics,1091.4,1,11/5/2024,8/26/2025 0:42
225,Relate Hundred,465,Clothing,1654.13,1,11/11/2022,1/12/2025 3:30
226,Miss Today,30,Furniture,1586.29,1,10/6/2022,3/12/2025 14:52
227,Method Difference,224,Electronics,940.05,1,1/7/2023,4/11/2025 8:01
228,Grow Far,358,Food,1885.64,1,1/26/2025,4/18/2025 7:00
229,Only Action,224,Electronics,1198.08,1,5/24/2024,3/16/2025 4:46
230,Bed Effort,376,Clothing,1209.41,1,6/16/2023,7/9/2025 17:52
231,One Son,46,Furniture,1924.01,1,1/16/2022,7/4/2025 21:30
232,Race Seek,391,Sports,1643.74,1,3/4/2024,6/24/2025 1:17
233,Structure Adult,390,Books,354.51,1,10/16/2020,4/25/2025 6:28
234,Do Interview,469,Clothing,367.07,1,1/25/2022,4/29/2025 22:02
235,Record Party,325,Books,985.99,1,2/20/2023,7/3/2025 19:06
236,On Nice,240,Clothing,819.65,1,12/4/2022,6/15/2025 5:58
237,Skill Oil,343,Electronics,1716.18,1,10/24/2022,5/17/2025 15:06
238,Scientist Long,210,Sports,993.46,1,4/21/2022,4/30/2025 1:56
239,Enter During,416,Books,1102.44,1,1/9/2021,3/16/2025 19:00
240,Four Call,45,Clothing,508.54,1,7/22/2024,3/13/2025 21:43
241,Dark Direction,496,Books,811.33,1,2/13/2024,4/18/2025 9:09
242,Shake Perform,336,Books,1087.47,1,6/17/2024,8/20/2025 18:29
243,Fear Black,27,Furniture,1039.29,1,8/26/2021,4/26/2025 1:13
244,Dream Herself,320,Food,1521.18,1,7/11/2021,4/28/2025 9:20
245,Address Section,136,Health,266.37,1,7/17/2024,2/19/2025 3:50
246,Eye Answer,224,Sports,972,1,6/18/2020,8/3/2025 21:40
247,Final Save,498,Sports,1219.7,1,1/27/2021,7/10/2025 15:19
248,Board Turn,363,Furniture,624.95,1,2/8/2020,8/11/2025 22:39
249,Feel Manager,282,Food,190.95,1,1/27/2024,6/21/2025 1:28
250,Grow Create,236,Electronics,1297.18,1,6/8/2020,4/9/2025 1:16
251,Yeah Training,255,Sports,587.26,1,1/24/2024,2/14/2025 7:22
252,Term Attention,212,Books,967.59,1,5/29/2023,7/10/2025 23:24
253,Back Part,124,Food,1104.77,1,5/9/2025,1/21/2025 19:40
254,Civil Church,97,Health,1018.94,1,10/14/2024,4/28/2025 23:57
255,Bed Energy,442,Electronics,556.11,1,1/3/2021,8/5/2025 17:37
256,South Keep,174,Books,1017.94,1,2/26/2025,8/20/2025 12:18
257,Street Present,144,Sports,600.62,1,12/2/2021,7/22/2025 22:43
258,Husband Little,443,Furniture,895.86,1,10/7/2023,4/26/2025 11:31
259,Trade Per,176,Clothing,1106.08,1,8/25/2023,4/29/2025 14:21
260,Outside Pressure,233,Clothing,1739.86,1,7/6/2020,8/25/2025 18:10
261,Sister Bit,292,Food,470.96,1,10/7/2021,8/31/2025 22:13
262,Development Everything,22,Clothing,1490.69,1,8/13/2025,2/1/2025 12:43
263,Close Education,197,Sports,1585.83,1,6/24/2021,8/3/2025 8:56
264,Bad Close,253,Electronics,256.86,1,1/9/2020,6/8/2025 15:39
265,Little Risk,445,Electronics,1749.01,1,1/18/2025,7/2/2025 11:54
266,Film Alone,51,Health,1821.33,1,12/20/2021,4/22/2025 21:19
267,Seat Fear,369,Furniture,822.91,1,11/11/2023,1/28/2025 15:26
268,Right East,38,Food,1564.14,1,4/1/2022,8/31/2025 17:57
269,Perform Recently,173,Health,1386.95,1,9/6/2021,6/15/2025 2:34
270,Building Off,436,Clothing,1705.42,1,11/29/2021,2/27/2025 20:40
271,When Exactly,488,Clothing,1255.46,1,3/17/2021,1/28/2025 17:35
272,As Company,446,Health,76.62,1,8/13/2022,8/20/2025 2:12
273,Smile Thank,120,Sports,1370.38,1,11/3/2024,4/23/2025 2:02
274,Leg Capital,116,Sports,185.31,1,12/27/2023,4/29/2025 2:20
275,Scene Interesting,389,Sports,1409.26,1,4/25/2022,7/14/2025 8:44
276,Notice Minute,227,Furniture,1389.53,1,9/22/2023,2/1/2025 5:46
277,Piece Among,23,Clothing,1593.31,1,9/4/2023,5/6/2025 4:15
278,Pm Enough,183,Clothing,864.22,1,3/21/2020,2/5/2025 11:13
279,Drop Represent,271,Food,1134.03,1,11/22/2024,8/17/2025 0:22
280,Against Southern,87,Furniture,162.54,1,4/17/2022,8/12/2025 19:00
281,Amount Source,317,Sports,485.46,1,6/28/2021,7/2/2025 17:23
282,Natural Reach,118,Food,1277.62,1,10/5/2023,4/19/2025 0:36
283,Course Pay,130,Sports,23.75,1,9/16/2023,7/10/2025 23:12
284,Benefit Many,461,Clothing,1356.83,1,12/17/2022,6/8/2025 14:04
285,Goal Full,37,Food,1890.75,1,11/20/2020,3/4/2025 10:59
286,Girl Its,327,Food,1382.18,1,3/19/2024,4/22/2025 22:23
287,Recognize You,432,Clothing,402.44,1,5/29/2023,8/2/2025 15:16
288,Although Look,436,Food,217.77,1,9/30/2020,5/3/2025 3:30
289,Entire Game,292,Clothing,1151.75,1,12/26/2020,6/6/2025 23:11
290,Treatment My,11,Books,1318.17,1,1/4/2020,7/30/2025 17:20
291,Maintain Job,4,Health,1730.81,1,6/17/2020,3/14/2025 20:23
292,National High,466,Health,1491.62,1,4/18/2025,7/13/2025 14:17
293,Process Letter,397,Books,464.09,1,6/9/2020,3/21/2025 1:18
294,Example Often,112,Sports,384.31,1,2/11/2021,4/22/2025 20:37
295,Left Up,347,Books,1443.25,1,2/14/2024,2/17/2025 3:46
296,Air Professor,321,Electronics,1807.29,1,3/6/2025,4/3/2025 22:24
297,Security Cold,158,Books,884.44,1,8/23/2022,8/2/2025 22:11
298,Address Old,374,Furniture,184.82,1,6/21/2023,2/6/2025 4:46
299,Down Thought,167,Sports,833.93,1,12/18/2020,6/29/2025 5:00
300,Your Buy,67,Books,1081.12,1,7/5/2025,3/1/2025 19:06
301,Moment Worker,271,Health,1827.41,1,6/25/2022,7/17/2025 15:01
302,Season Explain,131,Books,1888.65,1,7/14/2023,7/7/2025 9:13
303,Marriage Either,382,Books,680.74,1,11/20/2023,8/3/2025 2:09
304,Check Identify,239,Electronics,285.81,1,8/15/2021,8/21/2025 18:36
305,Movie Skin,440,Sports,1449.81,1,2/28/2021,1/28/2025 2:40
306,Fact Spring,495,Books,1610.15,1,7/13/2023,5/12/2025 23:52
307,World Store,46,Books,792.18,1,4/26/2024,4/14/2025 18:13
308,Tend Able,274,Electronics,912.3,1,5/28/2022,4/26/2025 22:44
309,Third People,299,Food,1645.72,1,12/6/2024,7/10/2025 3:46
310,Tree Church,55,Sports,471.47,1,10/19/2023,7/29/2025 3:56
311,Member Hair,317,Health,659.37,1,10/29/2022,8/3/2025 8:14
312,Source Of,331,Electronics,1272.63,1,3/17/2023,6/26/2025 20:07
313,Worker Fund,465,Sports,607.87,1,8/9/2021,4/3/2025 17:49
314,Owner Identify,59,Furniture,95.47,1,12/26/2021,6/9/2025 12:42
315,Animal Friend,155,Food,236.66,1,1/9/2024,5/29/2025 1:19
316,Imagine Record,454,Health,275.65,1,7/18/2025,3/1/2025 1:43
317,Mission Although,189,Sports,1899.01,1,1/27/2021,7/15/2025 1:41
318,Performance Glass,300,Sports,1454.57,1,11/7/2020,6/20/2025 23:57
319,Black Never,335,Electronics,1668.22,1,11/20/2023,1/6/2025 23:02
320,Seven Charge,480,Clothing,70.27,1,6/27/2023,3/1/2025 22:45
321,Bad Manager,111,Food,892.17,1,4/3/2022,5/12/2025 11:37
322,Price Room,437,Clothing,203.21,1,5/19/2023,2/1/2025 4:35
323,Together Get,278,Sports,720.55,1,7/15/2024,5/28/2025 13:56
324,Free Produce,141,Furniture,1936.57,1,2/25/2024,7/30/2025 2:38
325,Also Prepare,46,Sports,428.15,1,7/31/2020,4/2/2025 4:13
326,Program Return,25,Books,670.35,1,6/11/2022,3/30/2025 8:19
327,Skin Believe,402,Health,414.39,1,9/10/2023,2/8/2025 5:33
328,Soon Property,300,Furniture,1627.04,1,11/8/2020,6/22/2025 7:23
329,Compare Rule,168,Books,299.37,1,7/19/2022,1/12/2025 5:48
330,Any Garden,141,Books,1968.14,1,6/23/2020,4/24/2025 22:23
331,Her House,276,Clothing,1598.04,1,8/31/2023,2/26/2025 12:48
332,Election Nice,338,Books,56.43,1,7/4/2023,8/8/2025 18:49
333,Rest Structure,183,Books,1577.92,1,7/13/2021,3/8/2025 0:21
334,Continue Bar,8,Furniture,534.41,1,3/8/2025,5/29/2025 13:34
335,President Result,379,Food,1054.54,1,1/18/2022,7/13/2025 6:35
336,While Past,243,Food,1557.14,1,3/20/2021,4/1/2025 4:09
337,Main Pull,231,Health,446.99,1,2/28/2022,6/28/2025 11:30
338,Especially Reflect,372,Books,1817.96,1,1/30/2020,6/30/2025 16:28
339,Wear Field,234,Sports,1928.23,1,8/25/2024,3/3/2025 8:26
340,Back Letter,245,Books,806.23,1,12/9/2022,8/17/2025 4:33
341,Firm Purpose,251,Sports,1819.85,1,8/11/2023,4/8/2025 3:05
342,Loss Through,460,Electronics,647.61,1,7/27/2022,3/19/2025 8:50
343,If Tonight,33,Furniture,553.66,1,2/10/2024,2/11/2025 10:04
344,Economic I,195,Health,1063.46,1,11/11/2024,5/20/2025 9:44
345,Paper Find,258,Health,863.25,1,7/6/2022,1/9/2025 12:29
346,Themselves Reason,436,Sports,1303.58,1,5/14/2023,4/17/2025 14:20
347,Across Others,220,Food,1776.74,1,6/1/2020,8/24/2025 12:07
348,Skill Model,173,Books,909.73,1,6/8/2022,3/31/2025 8:51
349,Policy Suffer,373,Electronics,628.53,1,12/30/2022,3/27/2025 1:16
350,Provide Customer,340,Clothing,751.73,1,4/13/2025,4/8/2025 8:00
351,Resource Someone,351,Food,138.93,1,8/10/2025,2/23/2025 2:52
352,Production Bill,47,Food,197.65,1,5/3/2025,1/16/2025 7:26
353,For Story,415,Furniture,1114.96,1,10/1/2023,1/13/2025 22:58
354,Particularly His,343,Electronics,824.56,1,2/12/2021,2/5/2025 0:06
355,Where Find,444,Sports,107.63,1,10/12/2022,6/11/2025 8:46
356,Continue Deep,307,Clothing,706.53,1,2/14/2021,7/29/2025 11:38
357,Under History,79,Sports,966.97,1,7/7/2024,7/14/2025 21:03
358,White Explain,179,Books,1114.75,1,5/26/2021,4/10/2025 19:08
359,White Thank,390,Clothing,1150.33,1,2/6/2024,4/25/2025 14:55
360,Skin Truth,432,Health,1949.22,1,11/18/2022,2/14/2025 17:27
361,Management Bag,311,Sports,1659.77,1,3/13/2021,3/29/2025 14:52
362,Trade Require,14,Furniture,550.17,1,5/19/2023,8/5/2025 10:31
363,History Believe,471,Clothing,705.29,1,5/10/2023,1/6/2025 9:43
364,Everything Not,445,Furniture,1134.81,1,1/18/2021,6/26/2025 14:54
365,Home Remember,35,Furniture,1483.23,1,3/25/2022,8/16/2025 0:29
366,I Test,46,Sports,1063.31,1,6/6/2025,5/25/2025 6:23
367,Box Republican,214,Food,685.09,1,12/27/2021,7/3/2025 2:28
368,Ago President,159,Sports,652.14,1,10/10/2024,5/8/2025 9:14
369,Whole Poor,452,Electronics,315.38,1,11/18/2021,1/25/2025 13:13
370,Prove Than,345,Electronics,547.85,1,12/13/2023,4/28/2025 8:36
371,Range Issue,248,Health,886.88,1,12/28/2020,2/24/2025 6:48
372,Answer Young,110,Books,1027.13,1,4/25/2020,4/29/2025 4:53
373,Mind Business,220,Electronics,570.08,1,10/28/2020,4/2/2025 4:29
374,Very Note,269,Sports,620.3,1,2/25/2021,5/31/2025 22:26
375,Long Hospital,202,Health,114.29,1,8/5/2024,6/12/2025 18:32
376,People Situation,154,Furniture,1535.86,1,4/25/2021,6/11/2025 3:00
377,Real Bit,148,Clothing,244.37,1,2/29/2024,8/28/2025 2:17
378,Involve Wrong,382,Food,355.51,1,5/19/2022,1/13/2025 16:56
379,Road Hospital,272,Sports,464.07,1,11/6/2021,6/22/2025 4:37
380,Light Eat,36,Food,1724.22,1,1/31/2023,2/8/2025 14:03
381,Rich Hold,223,Electronics,922.21,1,8/18/2024,5/20/2025 7:04
382,Ask Information,441,Clothing,1153.64,1,5/7/2022,3/15/2025 17:08
383,Can Thus,363,Sports,838.3,1,11/13/2023,2/5/2025 14:27
384,Recognize Difference,207,Electronics,1932.57,1,6/16/2025,8/20/2025 21:48
385,Against Apply,410,Health,922.89,1,11/2/2022,4/5/2025 14:13
386,Car Stop,45,Food,1689.75,1,10/20/2024,3/21/2025 16:39
387,Authority Themselves,223,Health,803.9,1,9/17/2024,3/22/2025 10:50
388,Peace Direction,202,Books,624,1,12/24/2021,5/8/2025 14:23
389,Staff Choose,113,Clothing,1559.34,1,1/25/2025,1/2/2025 2:25
390,Factor Town,261,Sports,232.48,1,3/25/2021,2/20/2025 11:36
391,Now Enough,463,Books,702,1,6/26/2021,2/12/2025 16:35
392,Recent Trial,120,Electronics,297.16,1,3/21/2020,2/21/2025 4:29
393,Administration Help,88,Health,309.98,1,1/9/2022,8/17/2025 16:30
394,Game Admit,90,Books,1257.76,1,6/25/2021,4/14/2025 1:24
395,Area Card,386,Health,1520.95,1,7/31/2023,7/24/2025 7:28
396,Build Skill,348,Health,1287.77,1,7/16/2020,7/4/2025 22:56
397,List Star,442,Sports,635.7,1,1/29/2023,7/19/2025 7:43
398,Personal Boy,34,Food,887.21,1,11/5/2023,7/15/2025 16:07
399,Do Young,407,Clothing,1184.88,1,3/26/2025,1/17/2025 20:11
400,Short Step,259,Electronics,624.26,1,8/9/2025,7/22/2025 12:16
401,Fish Low,19,Electronics,740.63,1,6/21/2025,1/13/2025 2:20
402,Ask Measure,39,Sports,1729.18,1,6/1/2023,6/15/2025 13:09
403,Rich Box,314,Health,1016.6,1,3/3/2024,6/22/2025 6:18
404,Back Way,297,Health,1908.69,1,9/8/2020,5/6/2025 2:17
405,Political Choose,230,Books,1145.46,1,7/23/2020,2/19/2025 0:11
406,Face Probably,164,Health,953.88,1,5/20/2025,8/16/2025 7:59
407,Official Seem,490,Electronics,903.79,1,10/7/2022,5/28/2025 22:17
408,Picture Nice,365,Electronics,1011.58,1,7/5/2022,6/26/2025 4:56
409,Mouth Point,20,Furniture,1416.71,1,8/29/2023,2/8/2025 12:24
410,Student Science,268,Health,1221.56,1,12/21/2020,8/3/2025 2:49
411,Set Tree,190,Clothing,777.9,1,10/30/2021,6/17/2025 0:32
412,Live View,347,Health,109.47,1,12/10/2021,6/10/2025 17:01
413,Group Their,33,Clothing,193.54,1,11/9/2023,6/4/2025 20:26
414,Just Show,145,Clothing,1448.85,1,10/22/2020,5/2/2025 9:09
415,Late Form,170,Electronics,1167.57,1,8/28/2025,4/9/2025 23:44
416,House Claim,469,Clothing,623.91,1,1/13/2024,1/27/2025 1:43
417,Benefit Theory,66,Health,1419.12,1,9/22/2020,2/6/2025 4:58
418,Lay Big,158,Health,756.48,1,3/3/2023,2/20/2025 12:45
419,Only As,416,Furniture,1341.88,1,12/27/2024,8/7/2025 2:21
420,Or Girl,330,Sports,849.7,1,1/14/2021,6/9/2025 13:00
421,Health Tv,9,Clothing,621.19,1,8/29/2025,6/14/2025 6:03
422,Trip Whole,174,Books,975.11,1,6/8/2020,4/22/2025 16:54
423,Plan Forget,70,Furniture,158.94,1,12/28/2022,2/10/2025 5:37
424,Participant Movement,259,Books,1081.84,1,10/22/2021,3/2/2025 2:11
425,Realize Meet,338,Clothing,1753.4,1,11/27/2021,2/12/2025 0:40
426,Hard Through,305,Food,312.73,1,9/24/2024,5/23/2025 17:55
427,Building Sound,425,Sports,1543.34,1,5/15/2022,8/11/2025 22:59
428,Draw Surface,369,Food,92.17,1,8/26/2023,8/6/2025 20:34
429,Speak Tell,346,Sports,478.87,1,4/15/2025,8/27/2025 6:55
430,Republican Question,312,Clothing,1506.02,1,9/25/2024,1/11/2025 4:42
431,Politics Woman,119,Health,482.14,1,8/5/2025,4/14/2025 20:47
432,Air Couple,462,Books,392.06,1,4/29/2022,4/30/2025 23:56
433,Will Group,236,Books,567.13,1,12/26/2022,1/3/2025 8:54
434,Course True,257,Health,840.23,1,3/21/2021,8/8/2025 22:29
435,Really Institution,418,Furniture,1603.51,1,8/4/2020,2/25/2025 2:22
436,Sit Property,446,Clothing,109.1,1,4/5/2020,2/5/2025 15:14
437,Skin Nice,447,Clothing,1111.31,1,10/30/2021,5/27/2025 2:23
438,Kind Long,364,Books,1034.24,1,11/25/2022,3/3/2025 3:09
439,Hope Forget,145,Electronics,1527.42,1,10/4/2022,8/9/2025 10:21
440,Pick Become,230,Health,298.96,1,6/12/2020,3/2/2025 10:06
441,Coach Somebody,46,Furniture,1634.32,1,4/3/2025,1/20/2025 7:49
442,Represent Beat,476,Electronics,832.72,1,4/25/2022,6/22/2025 2:06
443,Recently Language,257,Clothing,475.38,1,2/17/2024,8/24/2025 18:21
444,Letter Join,191,Furniture,61.23,1,4/28/2022,3/25/2025 17:14
445,Someone Music,429,Sports,1301.67,1,12/19/2020,5/15/2025 1:14
446,Law Bring,70,Electronics,577.32,1,5/30/2022,8/19/2025 8:24
447,Message New,356,Books,281.89,1,8/16/2022,1/18/2025 15:19
448,Discussion Indicate,229,Health,15.48,1,2/5/2025,1/22/2025 6:36
449,Account Democratic,9,Clothing,435.23,1,7/25/2022,3/24/2025 0:50
450,Speak Certain,280,Sports,1219.72,1,3/4/2022,4/23/2025 9:50
451,Generation Call,56,Books,579.76,1,1/25/2020,7/13/2025 3:58
452,Skin Law,62,Electronics,480.69,1,6/29/2021,2/20/2025 4:05
453,Husband No,32,Electronics,1674.19,1,12/15/2021,7/14/2025 6:46
454,Operation These,305,Health,37.79,1,1/5/2023,1/28/2025 23:47
455,Industry Training,367,Furniture,586.09,1,5/11/2020,6/19/2025 9:51
456,After Machine,314,Clothing,484.93,1,8/29/2020,5/2/2025 13:56
457,Parent Laugh,95,Sports,1338.09,1,11/16/2024,6/7/2025 1:29
458,Security Push,34,Health,1090.44,1,7/21/2023,4/23/2025 10:28
459,Building Interview,199,Books,942.92,1,3/5/2020,5/7/2025 3:03
460,Congress Suddenly,191,Clothing,1495.9,1,4/4/2025,6/28/2025 16:24
461,Theory Road,403,Electronics,692.88,1,1/29/2023,2/4/2025 5:25
462,Leave Three,395,Health,1471.7,1,11/24/2020,4/5/2025 11:52
463,Least Perform,68,Electronics,707.84,1,5/29/2023,7/23/2025 11:41
464,Bar Individual,416,Sports,354.3,1,8/21/2022,5/12/2025 20:29
465,Do Goal,356,Food,1265.31,1,6/6/2021,1/30/2025 15:54
466,Mrs Property,32,Sports,1553.5,1,12/20/2020,7/26/2025 1:35
467,Mrs Daughter,18,Clothing,407.17,1,12/21/2022,5/17/2025 8:29
468,Short Tell,453,Electronics,634.61,1,6/28/2025,2/27/2025 8:34
469,Eat Board,263,Food,1978.3,1,3/30/2021,4/10/2025 9:47
470,Decade Consumer,129,Electronics,1507.82,1,2/14/2025,3/1/2025 8:50
471,Soon Song,146,Clothing,1724.97,1,7/29/2025,1/30/2025 6:20
472,Cost Spring,443,Sports,667.19,1,5/4/2025,7/11/2025 21:30
473,Majority Somebody,409,Clothing,876.72,1,10/17/2024,8/14/2025 1:02
474,List Responsibility,380,Food,1789.8,1,10/19/2024,8/31/2025 12:57
475,Future Treat,173,Furniture,994.93,1,5/2/2025,5/3/2025 18:37
476,City Less,188,Books,1040.96,1,7/31/2020,7/2/2025 2:39
477,Letter Program,372,Food,162.46,1,7/29/2022,4/17/2025 16:08
478,Perhaps Arrive,279,Clothing,645.82,1,12/29/2022,7/17/2025 0:43
479,Back Force,167,Sports,594.8,1,12/5/2023,6/25/2025 12:08
480,Always Art,308,Sports,855.1,1,2/19/2023,4/22/2025 11:45
481,Ball Quite,179,Food,89.5,1,10/7/2020,8/27/2025 20:17
482,Phone Movement,314,Food,552.74,1,4/9/2023,6/29/2025 16:47
483,Partner Once,38,Sports,1276.84,1,5/7/2020,6/24/2025 15:49
484,When Take,262,Books,1501.05,1,11/11/2024,3/15/2025 2:31
485,Fund Point,487,Electronics,289.85,1,1/17/2024,7/14/2025 17:04
486,City Assume,17,Furniture,139.13,1,10/31/2023,2/10/2025 4:42
487,Talk Way,185,Food,1899.19,1,12/3/2022,2/2/2025 18:00
488,Mother Race,309,Furniture,1359.73,1,6/20/2021,1/16/2025 4:49
489,End Second,190,Food,1527.35,1,9/22/2023,6/20/2025 15:42
490,Need Necessary,271,Clothing,799.08,1,3/9/2025,3/3/2025 15:37
491,Himself Hotel,127,Electronics,56.7,1,5/28/2022,5/31/2025 10:59
492,Issue Stage,255,Health,777.04,1,11/17/2022,8/21/2025 4:42
493,Area Strategy,134,Books,524.28,1,5/14/2025,5/10/2025 23:09
494,Attorney Girl,109,Health,574.73,1,10/20/2020,8/5/2025 16:35
495,Resource Imagine,102,Electronics,275.78,1,6/1/2022,4/8/2025 20:46
496,Shake Together,231,Furniture,1797.86,1,8/1/2025,8/23/2025 1:34
497,Tv Citizen,44,Books,1365.45,1,11/1/2022,2/1/2025 15:39
498,Pass Record,341,Clothing,1420.53,1,3/15/2021,5/16/2025 20:33
499,Force Reality,456,Clothing,1703.47,1,8/19/2025,6/2/2025 5:18
500,Carry Physical,406,Clothing,1019.97,1,9/20/2020,5/1/2025 5:30
501,Operation However,102,Books,282.06,1,6/22/2025,5/8/2025 13:37
502,Tax Care,13,Clothing,1110.27,1,6/23/2024,2/6/2025 7:02
503,Race Religious,239,Books,1966.11,1,8/8/2023,7/17/2025 11:27
504,High Affect,313,Electronics,136.17,1,1/31/2023,4/30/2025 22:50
505,Couple Difficult,367,Sports,959.94,1,11/27/2022,7/8/2025 20:22
506,Dark Draw,393,Food,1647.56,1,3/3/2021,3/2/2025 4:11
507,Bank Find,64,Clothing,1286.47,1,11/10/2020,7/17/2025 4:00
508,Spend Notice,238,Sports,1037.13,1,6/23/2024,1/15/2025 15:49
509,Recently Great,449,Books,1561.62,1,4/4/2025,2/20/2025 21:27
510,Picture However,393,Furniture,868.07,1,4/24/2021,3/5/2025 0:15
511,Course Theory,425,Electronics,1038.61,1,4/25/2025,3/6/2025 6:56
512,Set Left,84,Furniture,648.71,1,5/15/2020,6/9/2025 13:28
513,His Require,177,Health,1790.38,1,1/7/2022,6/22/2025 12:13
514,Popular Feel,128,Furniture,1271.94,1,10/26/2023,4/1/2025 21:03
515,None Edge,64,Sports,609.14,1,8/19/2022,7/2/2025 3:32
516,Well Thing,257,Sports,341.43,1,8/25/2021,5/23/2025 20:31
517,Resource Your,87,Sports,1250.84,1,11/7/2024,6/21/2025 2:39
518,Main Specific,431,Health,87.18,1,5/25/2022,5/29/2025 7:18
519,Morning News,41,Electronics,1897.35,1,7/24/2023,3/4/2025 22:29
520,Technology Decision,333,Furniture,1535.08,1,2/21/2025,2/23/2025 17:58
521,Turn Enough,316,Sports,65.42,1,6/11/2020,7/6/2025 15:25
522,Two Hot,328,Clothing,968.47,1,9/18/2024,2/9/2025 20:12
523,Seek Throughout,152,Food,150.58,1,5/21/2024,2/18/2025 10:04
524,Feel Because,80,Food,834.17,1,5/13/2021,4/16/2025 22:35
525,Listen Western,104,Clothing,1215.29,1,5/13/2024,2/27/2025 5:23
526,Then Leave,441,Sports,642.04,1,10/11/2020,3/28/2025 5:32
527,Technology Little,499,Food,265.88,1,12/22/2022,1/11/2025 8:35
528,Join Argue,263,Health,216.84,1,5/16/2023,7/14/2025 23:02
529,Hour Eat,238,Electronics,538.61,1,4/14/2023,2/1/2025 16:37
530,House Door,72,Electronics,105.96,1,3/28/2020,5/4/2025 18:21
531,Word Bit,442,Health,839.18,1,7/12/2025,5/11/2025 5:07
532,Strong Child,416,Clothing,1867.83,1,3/3/2021,1/15/2025 21:00
533,Few Whose,97,Books,322.89,1,1/7/2024,2/23/2025 21:38
534,Song Season,255,Clothing,997.25,1,12/28/2023,6/24/2025 5:16
535,Power Accept,483,Food,1013.36,1,9/3/2020,1/8/2025 9:07
536,Establish Dinner,110,Health,709.03,1,4/9/2021,8/2/2025 3:13
537,Yard Short,144,Food,1197.05,1,3/6/2025,7/24/2025 23:11
538,Land Bring,146,Health,21.31,1,6/14/2022,4/3/2025 6:58
539,Fish Campaign,220,Furniture,1765.5,1,5/28/2020,4/3/2025 14:25
540,Kind Purpose,391,Food,735.05,1,4/19/2025,6/27/2025 12:36
541,At Bring,26,Health,1125.82,1,4/1/2024,8/20/2025 18:00
542,North Admit,283,Clothing,151.7,1,5/17/2025,7/20/2025 3:38
543,Paper Effort,391,Health,563.04,1,3/22/2021,4/24/2025 2:51
544,Laugh Ability,65,Electronics,790.84,1,3/25/2025,5/18/2025 0:29
545,Effect Own,285,Clothing,1511.16,1,7/18/2023,3/14/2025 17:53
546,Red Relate,308,Health,805.77,1,9/22/2020,7/23/2025 7:13
547,Herself Author,23,Electronics,278.39,1,6/22/2024,7/31/2025 7:12
548,Movement Stop,411,Food,1041.07,1,4/26/2024,8/4/2025 5:04
549,Again In,310,Health,283.86,1,12/31/2023,1/17/2025 21:46
550,Prove Impact,83,Food,1981.28,1,3/5/2023,4/9/2025 12:11
551,Small Admit,303,Clothing,1017.09,1,1/14/2023,1/27/2025 5:42
552,Hair Effect,362,Health,603.08,1,8/3/2025,9/1/2025 23:46
553,Body Sport,188,Clothing,1349.24,1,12/12/2024,5/10/2025 3:17
554,Cell Another,298,Clothing,1594.53,1,12/30/2022,8/1/2025 1:13
555,Ground Teach,305,Food,534.73,1,6/20/2025,3/9/2025 23:56
556,Then Start,369,Electronics,1169.13,1,12/14/2023,7/5/2025 20:14
557,Program Court,268,Sports,1443.76,1,2/22/2021,1/25/2025 12:08
558,Sense Stand,75,Books,1363.05,1,11/22/2023,1/15/2025 8:42
559,Finally Defense,293,Sports,224.24,1,5/16/2020,3/19/2025 11:11
560,Various Analysis,225,Clothing,840.47,1,9/7/2022,5/1/2025 10:07
561,Myself Information,353,Furniture,823.7,1,8/14/2024,7/3/2025 20:24
562,Environment Although,446,Books,1473,1,7/2/2025,3/16/2025 5:12
563,Feeling Heavy,361,Furniture,1039.77,1,5/28/2020,5/9/2025 21:45
564,Explain Capital,339,Food,1053.33,1,2/17/2023,6/19/2025 16:40
565,Visit Instead,489,Furniture,922.03,1,9/28/2023,5/31/2025 3:47
566,Group Culture,279,Clothing,1353.36,1,3/21/2024,7/13/2025 5:15
567,Hold Window,312,Food,388.57,1,6/1/2024,4/14/2025 14:01
568,Suddenly Beautiful,142,Health,600.51,1,8/11/2023,1/31/2025 15:39
569,Law Play,394,Clothing,1411.28,1,7/14/2021,7/31/2025 20:11
570,Finally Full,162,Food,700.86,1,11/14/2020,2/1/2025 2:17
571,Generation Recent,147,Electronics,1149.09,1,7/7/2022,4/30/2025 0:44
572,Like Player,458,Food,1637.66,1,8/16/2023,3/6/2025 17:14
573,Road Life,148,Electronics,578.82,1,12/28/2022,6/23/2025 15:33
574,And Short,177,Food,1313.66,1,12/31/2022,8/27/2025 18:49
575,Learn Face,109,Furniture,1656.76,1,6/9/2025,1/23/2025 6:36
576,Bad Remain,477,Health,1393.86,1,6/3/2025,6/7/2025 18:09
577,Himself Must,55,Health,1483.08,1,5/12/2021,1/13/2025 2:15
578,Character Time,124,Electronics,1341.32,1,3/2/2025,6/20/2025 4:04
579,Already Card,326,Furniture,109.72,1,7/27/2020,4/2/2025 15:38
580,Start Quite,169,Sports,947.45,1,2/12/2023,5/21/2025 15:29
581,Identify Our,2,Health,1955.93,1,4/10/2020,8/23/2025 23:53
582,Class Respond,208,Sports,1870.39,1,10/29/2023,5/25/2025 1:38
583,Hot Life,244,Sports,402.91,1,8/26/2020,8/11/2025 21:20
584,Certain Next,164,Clothing,1293.57,1,2/14/2023,6/4/2025 13:56
585,Former Rate,333,Health,468.28,1,5/15/2022,4/7/2025 22:32
586,Build Agree,467,Furniture,838.68,1,8/1/2021,7/13/2025 19:25
587,National Impact,478,Electronics,1994.36,1,10/11/2024,2/15/2025 17:36
588,Everybody Stage,403,Food,376.69,1,3/19/2022,6/23/2025 7:34
589,Difficult Population,448,Electronics,23.49,1,6/6/2022,7/10/2025 18:19
590,Decision Can,475,Clothing,572.7,1,2/25/2021,1/29/2025 18:12
591,Live Consider,455,Furniture,1702.86,1,10/14/2023,2/4/2025 2:16
592,Take Rest,139,Furniture,1618.58,1,9/19/2022,5/15/2025 22:14
593,Security Attention,83,Sports,920.53,1,9/4/2024,7/30/2025 13:24
594,Fill Vote,367,Furniture,33.1,1,7/20/2022,3/3/2025 4:03
595,Seek Security,404,Clothing,1137.72,1,6/4/2025,3/9/2025 14:38
596,Student High,89,Health,1713.01,1,4/29/2024,3/29/2025 2:05
597,Campaign Deep,423,Food,1032.98,1,3/7/2021,4/2/2025 22:32
598,Street Minute,205,Sports,195.29,1,3/22/2020,5/21/2025 3:47
599,Once Page,244,Clothing,1871.97,1,2/20/2023,7/1/2025 12:32
600,Suggest Ok,133,Food,474.86,1,2/7/2021,8/26/2025 15:46
601,Usually Before,488,Clothing,607.38,1,7/23/2020,5/1/2025 2:47
602,Information Series,133,Sports,722.31,1,1/27/2024,7/24/2025 3:50
603,Item Specific,31,Sports,240.86,1,6/26/2023,8/12/2025 6:27
604,Back Car,81,Food,1373.72,1,9/11/2022,1/29/2025 19:16
605,Listen Man,353,Electronics,1279.23,1,5/26/2024,5/14/2025 19:06
606,Career Unit,188,Health,445.59,1,9/8/2024,8/17/2025 6:33
607,Court Special,244,Furniture,912.68,1,2/4/2021,6/18/2025 0:17
608,Morning Whether,212,Sports,1100.72,1,6/21/2020,2/18/2025 5:15
609,National Claim,387,Health,1604.98,1,8/2/2022,3/5/2025 22:42
610,Color Future,390,Furniture,1362.28,1,12/1/2021,5/15/2025 9:10
611,Yourself Yeah,269,Food,1058.71,1,5/31/2024,4/21/2025 7:31
612,Throughout Bar,39,Health,228.86,1,2/17/2022,3/18/2025 5:39
613,Prove Ok,293,Health,303.96,1,5/2/2022,2/18/2025 14:40
614,Process Floor,437,Health,886.47,1,3/23/2025,7/27/2025 4:22
615,Better Morning,367,Health,980.21,1,6/14/2025,3/7/2025 11:48
616,Person Year,414,Electronics,909.6,1,12/9/2024,3/1/2025 21:11
617,Congress Reason,233,Health,120.18,1,4/24/2025,8/24/2025 0:18
618,Green Thousand,344,Books,619.8,1,10/17/2024,1/16/2025 23:57
619,That Treat,202,Clothing,1633.82,1,3/29/2020,2/1/2025 13:03
620,Answer Put,296,Electronics,95.35,1,11/26/2024,4/13/2025 18:46
621,Rather Develop,358,Electronics,1084.62,1,11/12/2024,6/11/2025 18:52
622,Prepare Purpose,478,Electronics,1972.34,1,4/4/2020,7/13/2025 10:03
623,Visit Product,16,Clothing,820.69,1,8/22/2024,4/23/2025 11:56
624,Quality Five,392,Sports,1956.77,1,2/9/2024,4/6/2025 2:25
625,Support Surface,191,Food,899.83,1,6/15/2023,4/26/2025 12:17
626,Long Baby,192,Electronics,1367.05,1,7/5/2020,3/3/2025 9:24
627,Less Just,334,Books,698.8,1,2/13/2024,6/30/2025 8:54
628,Democrat Grow,275,Food,1060.04,1,2/27/2025,2/25/2025 19:05
629,Form Training,427,Electronics,1513.58,1,9/19/2022,5/15/2025 3:05
630,Inside Case,237,Sports,1439.59,1,2/25/2023,7/19/2025 23:57
631,Or Born,272,Food,1647.6,1,9/18/2022,4/4/2025 21:09
632,Man Can,235,Clothing,314.47,1,4/11/2022,6/24/2025 14:32
633,End Chance,479,Sports,1532.15,1,10/27/2020,1/20/2025 15:40
634,Fill Young,414,Sports,841.38,1,4/8/2023,8/27/2025 23:44
635,Kid Energy,123,Furniture,139.25,1,5/11/2021,5/8/2025 3:55
636,World Participant,228,Health,1345.69,1,8/29/2022,3/15/2025 17:22
637,Source Collection,125,Sports,93.25,1,3/28/2024,7/19/2025 21:34
638,Manage Moment,119,Health,438.45,1,8/16/2022,7/13/2025 3:49
639,Agency Believe,71,Health,1987,1,5/6/2023,7/16/2025 7:05
640,Lot Effect,417,Sports,1154.34,1,10/30/2021,8/15/2025 13:09
641,Head Anything,121,Clothing,1753.14,1,6/6/2020,4/20/2025 6:25
642,Miss Picture,211,Clothing,553.93,1,7/25/2025,7/2/2025 18:11
643,Feeling Not,320,Sports,857.27,1,1/26/2020,2/11/2025 17:56
644,Lawyer Center,24,Clothing,1883.46,1,4/1/2022,5/23/2025 1:17
645,South Interesting,402,Health,640.88,1,2/10/2023,1/18/2025 13:41
646,Institution Approach,209,Furniture,603.28,1,11/6/2024,8/7/2025 4:30
647,Day Him,386,Health,949.67,1,9/14/2024,4/23/2025 1:57
648,Back Imagine,153,Books,1416.62,1,4/15/2024,6/24/2025 21:36
649,South Oil,468,Electronics,1126.96,1,5/19/2022,8/31/2025 1:01
650,Response Popular,285,Health,272.52,1,1/4/2021,2/19/2025 23:13
651,Bill Indeed,130,Furniture,663.87,1,3/5/2023,5/12/2025 16:30
652,Open Wrong,472,Food,1695.03,1,2/9/2023,2/26/2025 0:40
653,Decide Play,274,Sports,1659.67,1,4/30/2024,6/5/2025 21:11
654,Month Amount,137,Food,1348.98,1,5/20/2020,1/16/2025 2:42
655,Certain Sell,447,Electronics,380.39,1,10/31/2022,7/3/2025 23:36
656,Natural Loss,245,Furniture,1739.6,1,4/7/2021,8/24/2025 10:45
657,Walk Myself,155,Electronics,427.56,1,3/10/2021,5/8/2025 8:51
658,Word Position,492,Sports,239.05,1,9/16/2022,3/5/2025 2:37
659,Increase Practice,468,Furniture,1392.77,1,7/18/2022,8/19/2025 13:54
660,Great Movement,203,Furniture,1106.4,1,5/2/2024,7/26/2025 17:46
661,Might Section,194,Food,1069.63,1,10/14/2024,4/27/2025 10:15
662,May Team,157,Clothing,722.49,1,2/21/2020,5/24/2025 1:20
663,Glass Report,238,Electronics,1606.62,1,12/6/2020,6/11/2025 18:26
664,Past Foot,389,Books,643.87,1,5/9/2025,1/11/2025 8:22
665,Picture Matter,189,Clothing,830.79,1,4/4/2022,8/13/2025 15:46
666,Participant Drive,379,Furniture,37.36,1,6/8/2020,8/15/2025 14:49
667,Media Conference,151,Furniture,396.4,1,6/16/2024,9/2/2025 6:56
668,Set President,194,Health,1667.56,1,3/27/2023,2/27/2025 9:22
669,Term Responsibility,281,Sports,1887.21,1,1/22/2022,1/13/2025 6:15
670,Page Yourself,131,Books,1644.08,1,12/7/2020,3/16/2025 2:14
671,After Let,235,Furniture,1466.88,1,9/1/2022,6/12/2025 15:18
672,Civil Itself,86,Furniture,1442.03,1,9/25/2021,6/9/2025 8:59
673,More Stage,94,Health,1980.7,1,3/14/2025,7/3/2025 3:40
674,Turn Thus,268,Electronics,1678.94,1,7/12/2020,2/23/2025 15:01
675,Natural Despite,483,Books,1338.09,1,10/8/2024,5/7/2025 5:40
676,Recognize Mean,211,Furniture,1685.88,1,6/20/2024,5/27/2025 8:15
677,Former Consumer,34,Sports,306.3,1,11/29/2023,7/27/2025 1:06
678,Guess Office,258,Food,749.54,1,1/5/2023,4/13/2025 16:02
679,Poor Member,337,Food,36.38,1,8/20/2021,4/6/2025 17:43
680,Family Open,6,Electronics,1061.19,1,7/16/2022,3/29/2025 7:54
681,Year Finish,274,Clothing,39.2,1,6/16/2022,3/22/2025 11:58
682,Road Sea,412,Furniture,218.5,1,2/28/2024,5/4/2025 3:02
683,Media Happy,268,Furniture,485.73,1,10/7/2024,4/17/2025 4:48
684,Field Campaign,417,Clothing,538.31,1,11/16/2024,7/30/2025 22:54
685,Hundred War,40,Clothing,1918.8,1,5/10/2023,5/15/2025 0:53
686,Spring Summer,289,Furniture,1980.51,1,3/31/2021,4/23/2025 19:12
687,And Field,153,Sports,1656.98,1,9/2/2020,5/15/2025 12:20
688,Window Letter,334,Books,1301.54,1,7/31/2025,4/10/2025 14:13
689,Small Measure,47,Food,761.63,1,10/26/2021,3/20/2025 11:24
690,Their Nothing,28,Sports,23.85,1,4/22/2022,8/7/2025 6:23
691,Safe Expert,42,Food,1691.43,1,3/2/2021,2/12/2025 10:03
692,Power Sit,289,Books,1947.81,1,12/28/2024,4/3/2025 22:16
693,Eight Apply,117,Furniture,1803.04,1,7/7/2024,3/29/2025 15:24
694,Pull Early,138,Electronics,1848.7,1,6/12/2020,2/8/2025 21:54
695,Job Give,460,Health,1129.2,1,1/7/2024,2/9/2025 1:08
696,Responsibility Spend,91,Books,632.4,1,3/3/2021,1/3/2025 0:17
697,Oil Woman,300,Furniture,1505.75,1,5/5/2021,6/8/2025 0:39
698,Read Worry,475,Electronics,602.06,1,1/17/2024,7/5/2025 10:08
699,Rather Decision,290,Books,1699.64,1,6/11/2022,5/5/2025 17:29
700,Feeling Race,196,Books,1480.79,1,7/2/2020,2/4/2025 17:50
701,Reach Painting,256,Sports,1948.78,1,12/22/2021,7/27/2025 19:58
702,Single Several,50,Food,468.13,1,4/25/2020,3/9/2025 23:43
703,Key Us,174,Health,1539.17,1,6/30/2021,1/15/2025 2:42
704,Think Industry,496,Books,656.12,1,3/19/2024,3/14/2025 8:33
705,Write Smile,401,Food,983.75,1,6/18/2022,1/15/2025 13:12
706,Act Fire,283,Food,866.54,1,10/30/2024,8/23/2025 2:20
707,Both Without,43,Books,1239.14,1,11/6/2022,4/21/2025 12:18
708,Look Put,365,Electronics,168.67,1,8/14/2024,7/23/2025 15:00
709,Minute Visit,194,Sports,1568.86,1,2/20/2021,7/15/2025 19:36
710,Management Explain,378,Food,636.77,1,8/22/2021,2/13/2025 17:56
711,Give Commercial,46,Electronics,1886.21,1,11/26/2023,4/10/2025 21:52
712,Serious Cultural,184,Books,543.18,1,2/13/2020,5/11/2025 22:06
713,Street Find,44,Furniture,864.8,1,10/30/2024,3/17/2025 0:23
714,Continue Popular,52,Electronics,183.79,1,6/7/2025,6/7/2025 11:26
715,The Late,305,Health,1569.96,1,5/19/2024,5/8/2025 8:29
716,Before Institution,6,Clothing,830.55,1,10/23/2020,3/13/2025 18:17
717,Challenge Me,371,Health,1810.89,1,10/2/2022,4/7/2025 7:57
718,According Every,292,Health,343.32,1,4/6/2023,4/2/2025 11:13
719,Likely Some,86,Furniture,541.49,1,4/9/2022,5/9/2025 0:19
720,Five Pass,252,Furniture,131.22,1,11/14/2024,1/5/2025 10:35
721,Every Ready,141,Food,603.01,1,1/22/2023,4/2/2025 18:29
722,Assume Region,184,Clothing,1888.72,1,1/2/2021,6/30/2025 17:47
723,Food Collection,304,Health,395.12,1,6/13/2023,7/15/2025 3:49
724,Wind Want,69,Clothing,18.5,1,8/24/2022,2/15/2025 14:23
725,Purpose Whom,170,Books,1242.28,1,7/5/2022,5/23/2025 17:45
726,Possible Do,225,Clothing,864.08,1,11/11/2021,2/21/2025 20:57
727,Mean Claim,153,Clothing,1208.41,1,11/14/2023,8/24/2025 5:53
728,Hour Just,245,Clothing,359.39,1,9/2/2024,7/2/2025 20:26
729,Sometimes Note,495,Clothing,586.44,1,8/25/2025,3/26/2025 19:44
730,Sound End,495,Health,1565.04,1,1/25/2025,2/1/2025 19:05
731,Never Likely,192,Clothing,1633.91,1,6/28/2024,5/21/2025 12:04
732,Bank Whose,186,Electronics,1864.47,1,10/18/2024,2/13/2025 13:51
733,Assume Them,303,Health,363.95,1,8/28/2024,7/16/2025 7:28
734,Degree Page,487,Sports,925.94,1,7/25/2024,2/28/2025 4:43
735,Community Generation,224,Books,586.21,1,6/4/2024,6/21/2025 14:15
736,But Response,419,Books,1592.34,1,9/30/2021,8/15/2025 11:19
737,Middle Benefit,344,Food,282.66,1,5/4/2024,6/23/2025 0:11
738,Table Around,123,Clothing,1319.03,1,11/9/2023,2/21/2025 5:48
739,Must Just,404,Food,152.56,1,11/20/2023,8/8/2025 0:01
740,Article Operation,298,Food,1071.06,1,12/7/2023,4/30/2025 16:20
741,Several Age,278,Electronics,1582.49,1,5/15/2023,4/9/2025 19:42
742,Technology About,359,Books,1076.13,1,11/7/2021,8/13/2025 14:15
743,Baby Answer,55,Books,500.22,1,8/9/2023,5/14/2025 19:14
744,School Attack,85,Sports,1227.29,1,8/8/2024,1/24/2025 9:37
745,Worry Wall,495,Books,666.54,1,8/2/2020,7/3/2025 8:01
746,Almost Few,54,Electronics,201.72,1,6/24/2023,3/11/2025 21:32
747,Specific Central,261,Sports,1040,1,6/16/2025,6/13/2025 6:03
748,House Vote,228,Clothing,785.31,1,4/3/2023,6/24/2025 4:40
749,True Whose,176,Electronics,968.13,1,3/18/2023,5/26/2025 21:16
750,Be Result,212,Electronics,236.56,1,8/18/2025,7/29/2025 10:38
751,Cell Ready,178,Clothing,689.42,1,12/16/2022,2/16/2025 1:44
752,Could Note,266,Food,699.86,1,5/6/2023,7/25/2025 9:10
753,Care Should,224,Sports,1395.04,1,11/22/2021,1/2/2025 8:22
754,Something Agency,34,Clothing,94.14,1,7/15/2022,6/29/2025 19:30
755,Report Serve,11,Books,689.44,1,8/18/2024,6/14/2025 17:09
756,Night Hundred,346,Books,332.89,1,12/14/2021,4/7/2025 2:58
757,Magazine Half,264,Furniture,1106.06,1,4/26/2021,4/18/2025 1:14
758,Current Write,286,Food,1917.13,1,12/16/2020,1/13/2025 12:17
759,Table Recent,408,Food,1261.37,1,7/26/2023,8/27/2025 19:29
760,Space Would,327,Sports,867.11,1,2/18/2020,4/4/2025 11:10
761,Design Audience,377,Health,1766.78,1,11/9/2020,8/19/2025 15:57
762,Along Likely,303,Food,780.73,1,1/31/2025,1/19/2025 21:41
763,Election Sit,105,Clothing,1505.89,1,5/17/2020,6/6/2025 5:23
764,Leg East,295,Electronics,1600.01,1,8/3/2024,3/26/2025 9:05
765,Somebody Treat,187,Clothing,398.16,1,6/24/2020,2/24/2025 10:09
766,Most Figure,134,Sports,1725.96,1,12/28/2021,8/12/2025 17:44
767,From Participant,305,Food,1224.56,1,1/31/2025,5/5/2025 12:48
768,Economic Five,178,Clothing,1691.81,1,3/21/2021,7/22/2025 10:24
769,Do Job,416,Sports,1413.45,1,7/22/2022,4/17/2025 20:37
770,Ask Onto,470,Health,1182.39,1,1/12/2025,3/10/2025 0:21
771,Produce Respond,160,Electronics,480.95,1,8/20/2023,8/4/2025 20:54
772,Mission Anyone,93,Clothing,1388.41,1,12/6/2022,5/29/2025 0:37
773,Stock Network,214,Health,280.05,1,9/17/2022,6/11/2025 16:25
774,Issue Church,216,Furniture,975.91,1,7/20/2022,5/27/2025 4:51
775,Create Somebody,284,Furniture,981.84,1,7/29/2024,7/3/2025 21:30
776,Effect Time,95,Clothing,1684.76,1,12/1/2021,4/27/2025 19:03
777,Toward Second,443,Clothing,1903.92,1,3/24/2021,6/29/2025 19:42
778,Who Article,69,Furniture,1631.36,1,10/13/2024,6/10/2025 6:25
779,Keep Onto,209,Sports,985.99,1,7/4/2024,2/22/2025 1:50
780,Important Eight,250,Furniture,169.93,1,3/3/2022,3/20/2025 23:14
781,Give Radio,407,Books,444.96,1,9/2/2020,6/24/2025 16:19
782,Throw Hospital,140,Furniture,1077.53,1,10/14/2020,7/28/2025 0:29
783,Shake Themselves,399,Food,1133.47,1,8/14/2021,1/21/2025 0:21
784,Executive Huge,281,Health,230.86,1,2/22/2025,8/23/2025 3:38
785,Among Tv,137,Books,1088.5,1,8/14/2020,3/15/2025 1:48
786,Summer Sort,277,Books,1514.79,1,12/30/2024,8/6/2025 0:51
787,Director Measure,279,Furniture,1979.6,1,10/10/2021,5/10/2025 7:27
788,Floor When,376,Books,1309.08,1,2/17/2020,3/24/2025 6:11
789,Write Customer,152,Books,1998.63,1,12/30/2020,7/5/2025 23:51
790,Who Eight,134,Clothing,1725.09,1,2/20/2025,3/21/2025 10:12
791,Industry Whole,224,Books,1987.95,1,1/13/2022,8/3/2025 9:45
792,Fund Stand,107,Books,1476.54,1,5/29/2022,5/28/2025 20:01
793,Man None,440,Sports,1222.47,1,7/8/2025,5/20/2025 12:32
794,Foot Every,84,Health,282.77,1,1/22/2023,7/19/2025 3:47
795,Us Modern,416,Furniture,1611.85,1,12/18/2023,2/8/2025 7:05
796,Suggest Seven,272,Clothing,1195.73,1,12/29/2023,5/5/2025 8:47
797,Who Democrat,165,Sports,588.81,1,2/25/2023,5/2/2025 12:38
798,Job Answer,487,Books,1031.26,1,10/13/2024,3/27/2025 22:25
799,Site Child,69,Books,1572.45,1,2/20/2020,4/12/2025 6:35
800,On Worry,141,Books,1313.51,1,12/19/2024,8/13/2025 22:00
801,Service Key,127,Furniture,1424.23,1,7/6/2022,3/1/2025 4:34
802,Deal Girl,389,Books,1354.09,1,12/15/2021,5/28/2025 12:21
803,Over These,72,Health,1266.64,1,2/2/2022,7/13/2025 21:49
804,Oil Real,192,Food,155.65,1,11/14/2022,4/10/2025 22:27
805,Source Term,206,Health,1500.86,1,2/27/2024,7/10/2025 12:40
806,Magazine Concern,232,Food,657.94,1,12/30/2022,3/7/2025 17:40
807,Challenge Service,444,Books,1695.1,1,8/25/2024,7/9/2025 15:26
808,Create Whom,374,Food,1271.51,1,8/11/2024,1/23/2025 19:25
809,Need Along,435,Electronics,1592.38,1,8/18/2020,1/19/2025 20:11
810,South According,111,Food,1650.57,1,7/5/2023,2/23/2025 9:30
811,Thousand Professor,137,Clothing,1657.55,1,12/20/2021,1/27/2025 9:30
812,Second City,280,Health,265.54,1,1/29/2020,3/26/2025 22:36
813,Mouth Lose,403,Clothing,1788.84,1,3/5/2023,1/24/2025 11:26
814,Prepare Pull,23,Electronics,1254.23,1,9/2/2025,8/28/2025 10:22
815,While Meeting,8,Electronics,1859.22,1,8/10/2025,7/9/2025 11:07
816,Admit According,225,Food,6.35,1,7/11/2024,8/3/2025 5:41
817,Its Actually,103,Sports,1819.27,1,2/21/2020,7/25/2025 14:31
818,Seven Face,81,Books,1865.79,1,7/22/2024,4/22/2025 8:07
819,Adult Morning,47,Sports,724.07,1,8/30/2023,3/11/2025 14:53
820,Both Why,190,Sports,1808.08,1,10/26/2020,7/23/2025 15:37
821,Church Effect,26,Food,1253.08,1,8/19/2021,8/29/2025 16:46
822,New Entire,219,Sports,186.94,1,1/6/2023,4/14/2025 19:38
823,Stuff Industry,0,Furniture,956.23,1,9/2/2020,5/25/2025 21:05
824,Into Machine,303,Furniture,1041.29,1,10/21/2024,4/5/2025 10:51
825,Same Draw,4,Electronics,1392.72,1,7/20/2022,2/1/2025 7:24
826,Ready Toward,440,Food,1389.59,1,7/12/2025,1/13/2025 7:19
827,Better Into,36,Furniture,769.22,1,3/24/2023,5/27/2025 11:28
828,Old Maybe,52,Clothing,738.29,1,6/23/2020,1/4/2025 16:04
829,Scientist Congress,70,Food,1548.05,1,9/13/2020,7/14/2025 3:01
830,Through Leader,328,Sports,289.99,1,6/26/2025,5/9/2025 15:39
831,Others Toward,312,Sports,332.41,1,10/23/2020,7/25/2025 2:48
832,Wide And,369,Furniture,1258.02,1,12/14/2021,3/24/2025 2:32
833,Wear Trip,470,Food,1234.07,1,10/26/2024,7/4/2025 15:59
834,Experience Any,440,Furniture,177.94,1,8/18/2020,4/19/2025 21:15
835,Way Of,71,Books,250.7,1,10/16/2024,1/13/2025 18:40
836,Country Woman,179,Food,632.43,1,9/4/2022,1/7/2025 1:56
837,Despite People,126,Clothing,1291.02,1,3/23/2021,6/4/2025 16:23
838,Woman Ball,283,Health,1202.02,1,7/18/2022,3/5/2025 2:08
839,Organization Effect,398,Sports,58.51,1,10/26/2024,6/1/2025 3:12
840,Research Watch,105,Health,1215.82,1,8/6/2024,5/9/2025 19:56
841,If Someone,382,Food,594.61,1,3/10/2021,1/31/2025 10:59
842,Month Skill,401,Books,1909.57,1,12/10/2022,1/21/2025 20:29
843,Billion Leave,197,Electronics,485.96,1,12/22/2021,1/30/2025 12:32
844,Grow Point,270,Electronics,1973.83,1,3/22/2025,8/20/2025 7:28
845,Industry Staff,67,Food,1722.32,1,10/11/2022,1/12/2025 12:07
846,Protect Explain,187,Health,1367.47,1,10/31/2023,7/10/2025 12:45
847,Drive Heart,488,Books,150.62,1,9/14/2024,5/26/2025 19:13
848,Lay Cultural,7,Clothing,435.41,1,12/25/2024,5/28/2025 14:32
849,Bed Sport,485,Books,798.96,1,4/5/2025,4/25/2025 17:08
850,Success Employee,321,Sports,1004.59,1,8/16/2020,2/1/2025 20:38
851,Executive Class,216,Sports,807.54,1,3/26/2023,3/1/2025 21:57
852,Sister Improve,142,Electronics,623.26,1,9/10/2022,5/21/2025 1:58
853,Both Benefit,498,Books,314.98,1,1/17/2020,4/30/2025 17:15
854,Light Here,200,Health,1270.42,1,4/18/2022,2/9/2025 16:51
855,Cause Begin,158,Sports,877.78,1,8/5/2021,6/17/2025 9:01
856,List Onto,29,Furniture,176.99,1,9/19/2024,7/19/2025 0:17
857,Involve Board,59,Food,1226.53,1,3/22/2020,2/4/2025 19:18
858,Health Once,158,Sports,1484.68,1,10/16/2020,8/20/2025 19:44
859,Piece Still,61,Electronics,1417.26,1,10/4/2022,5/30/2025 14:40
860,Actually Film,83,Food,1906.27,1,7/9/2023,5/31/2025 14:33
861,Start Become,85,Clothing,258.23,1,10/4/2024,4/5/2025 6:31
862,Owner Near,375,Electronics,1544,1,6/10/2021,5/28/2025 20:40
863,Condition Chair,171,Books,861.5,1,4/15/2022,4/27/2025 22:44
864,Executive Mind,134,Sports,1950.23,1,3/29/2021,1/25/2025 13:41
865,Computer Learn,254,Food,1024.01,1,5/7/2022,6/13/2025 12:57
866,Firm Member,255,Books,1135.94,1,8/26/2020,5/21/2025 5:55
867,Enter Yet,80,Clothing,1547.79,1,2/5/2022,8/31/2025 17:44
868,Mission Phone,116,Sports,1020.11,1,3/30/2025,3/17/2025 22:38
869,Lot Both,439,Books,29.51,1,2/24/2021,4/29/2025 7:37
870,According Individual,241,Clothing,769.04,1,10/29/2022,8/29/2025 20:36
871,Husband Summer,91,Books,75.55,1,10/20/2022,6/20/2025 23:10
872,Good Law,114,Clothing,500.29,1,7/15/2025,8/19/2025 20:08
873,Century First,138,Books,160.38,1,9/23/2022,8/23/2025 6:20
874,Yourself Run,61,Health,1348.28,1,9/16/2021,7/6/2025 0:41
875,Former Cost,91,Furniture,1609.65,1,5/22/2023,5/4/2025 22:34
876,Film Simple,488,Food,142.51,1,5/20/2025,7/10/2025 16:31
877,Parent Station,443,Clothing,1548.19,1,1/23/2022,5/7/2025 13:28
878,However Fast,167,Electronics,1108.42,1,5/5/2023,5/22/2025 18:11
879,Build Work,188,Furniture,586.73,1,10/17/2024,3/19/2025 14:16
880,Person Offer,378,Health,488.96,1,7/13/2021,8/2/2025 15:17
881,Agreement Short,302,Food,1995.59,1,12/5/2023,3/23/2025 10:03
882,Left Subject,375,Health,1522.16,1,6/24/2022,1/27/2025 20:36
883,Tell Thus,77,Electronics,1865.13,1,6/25/2023,7/13/2025 21:50
884,Chair Property,119,Health,696.12,1,7/29/2022,4/4/2025 23:48
885,Entire Reason,486,Clothing,7.92,1,4/23/2021,6/14/2025 7:50
886,Strategy Huge,434,Sports,1455.79,1,8/17/2020,6/24/2025 9:36
887,Piece Measure,105,Health,1966.32,1,12/13/2024,6/5/2025 15:46
888,Nor Move,251,Electronics,1945.26,1,7/23/2023,7/31/2025 3:08
889,Although Street,364,Clothing,190.59,1,1/22/2023,7/28/2025 12:19
890,Phone Pull,459,Books,1041.92,1,9/21/2020,2/12/2025 11:23
891,Specific Energy,234,Sports,174.38,1,8/5/2025,5/18/2025 20:55
892,Compare Radio,258,Furniture,1276.25,1,3/18/2025,1/18/2025 4:52
893,Order Quite,38,Health,1137.8,1,7/2/2025,6/5/2025 4:42
894,Soldier Glass,339,Furniture,477.36,1,8/30/2023,2/11/2025 3:28
895,Action Billion,435,Clothing,1852.45,1,3/14/2022,3/28/2025 5:12
896,Mrs Skin,358,Books,1472.03,1,5/30/2024,8/5/2025 16:52
897,Partner Rise,231,Clothing,471.05,1,11/22/2024,3/27/2025 20:09
898,Like House,69,Books,1541.44,1,4/30/2023,6/29/2025 20:03
899,Sport Respond,79,Electronics,332.93,1,1/2/2025,7/14/2025 8:40
900,City Hair,160,Food,245.87,1,3/17/2020,7/7/2025 11:45
901,Book Find,493,Books,419.23,1,7/16/2023,2/3/2025 8:13
902,Business Theory,237,Clothing,1705.7,1,3/16/2021,5/16/2025 6:39
903,Forget Gun,80,Books,1373.68,1,11/15/2023,3/22/2025 8:08
904,Near Meeting,110,Books,1713.86,1,12/18/2022,7/4/2025 22:09
905,Bill Left,46,Sports,500.2,1,11/6/2023,5/4/2025 20:27
906,Audience First,202,Health,102.66,1,5/18/2020,2/14/2025 16:40
907,Agency Time,133,Books,1981.4,1,12/1/2022,2/12/2025 11:20
908,Research Such,487,Food,1709.93,1,5/25/2021,4/5/2025 17:26
909,Name Contain,48,Food,208.31,1,9/10/2024,3/4/2025 4:34
910,Give Opportunity,62,Electronics,128.03,1,8/17/2023,6/29/2025 10:39
911,Each Subject,66,Furniture,1648.23,1,6/12/2023,9/2/2025 13:47
912,Create Cultural,351,Sports,1875.46,1,6/12/2025,6/17/2025 19:47
913,Individual Air,298,Health,521.35,1,3/22/2025,3/18/2025 15:11
914,Listen Person,11,Electronics,399.51,1,8/27/2023,6/1/2025 0:12
915,Above Sea,414,Furniture,188.5,1,10/29/2021,3/21/2025 22:03
916,Family Soldier,62,Electronics,1884.85,1,7/13/2020,8/13/2025 5:16
917,Blue Successful,86,Health,869.15,1,7/26/2024,3/14/2025 14:35
918,History Gas,254,Electronics,768.55,1,9/4/2021,6/27/2025 16:40
919,Build Everybody,88,Clothing,433.36,1,2/29/2024,7/24/2025 22:39
920,Purpose Form,140,Clothing,894.79,1,1/28/2025,5/31/2025 22:22
921,Popular Including,17,Health,1240.26,1,12/28/2024,2/14/2025 8:43
922,Happen He,331,Clothing,1000.29,1,11/23/2023,8/28/2025 18:14
923,Consider Teach,31,Electronics,563.15,1,7/13/2022,8/27/2025 15:24
924,Performance Become,214,Furniture,1287.09,1,2/20/2021,5/2/2025 15:06
925,Buy Edge,322,Books,1089.6,1,8/6/2022,2/15/2025 10:02
926,Cover Hour,195,Books,1428.17,1,3/15/2021,7/18/2025 9:13
927,Important Kid,278,Books,971.94,1,1/27/2025,2/23/2025 13:00
928,Paper Identify,198,Clothing,363.73,1,8/7/2023,3/14/2025 3:20
929,Message Prove,305,Furniture,63.46,1,7/27/2024,3/9/2025 6:39
930,One Compare,29,Books,1983.1,1,3/1/2024,4/23/2025 4:08
931,Challenge Culture,392,Health,1999.21,1,9/4/2022,6/25/2025 3:38
932,President Argue,51,Furniture,1315.44,1,1/20/2023,1/4/2025 17:19
933,Memory Century,273,Books,1583.52,1,8/29/2021,5/30/2025 2:37
934,Or Mouth,391,Furniture,1153.51,1,7/22/2025,7/12/2025 5:27
935,Issue Reveal,181,Books,1983.13,1,3/7/2024,6/11/2025 9:57
936,See Though,90,Furniture,1187.08,1,10/10/2023,7/9/2025 19:00
937,Computer Beautiful,467,Health,61.27,1,10/22/2024,1/12/2025 23:38
938,Stuff Sort,485,Health,1129.39,1,11/16/2021,4/24/2025 10:28
939,Alone Face,428,Books,1763.84,1,11/29/2021,7/28/2025 18:52
940,Fight Concern,277,Clothing,355.24,1,11/21/2023,8/8/2025 16:14
941,Situation Spring,46,Electronics,469.08,1,3/18/2024,8/2/2025 11:49
942,Much Budget,10,Health,958.59,1,11/14/2024,2/14/2025 8:28
943,Executive Stage,469,Health,406.92,1,8/14/2024,5/23/2025 11:23
944,Occur Test,174,Sports,359.03,1,5/9/2020,6/21/2025 9:50
945,Office Discover,30,Electronics,299.69,1,8/13/2023,2/9/2025 18:35
946,Simply Themselves,396,Electronics,1693.73,1,7/23/2025,4/7/2025 3:09
947,Finish Two,491,Electronics,750.31,1,4/10/2020,6/24/2025 15:48
948,Everyone Happen,300,Electronics,676.44,1,9/27/2020,6/20/2025 12:25
949,Tree Buy,69,Furniture,1466.04,1,1/6/2022,3/23/2025 12:12
950,Talk Sing,405,Sports,1921.52,1,12/31/2024,5/17/2025 4:06
951,Traditional See,89,Sports,1937.64,1,3/11/2025,6/16/2025 6:48
952,Company Power,114,Sports,1179.96,1,3/8/2021,3/22/2025 5:50
953,Teach Design,193,Clothing,1469.32,1,7/3/2020,8/10/2025 9:28
954,Have No,65,Furniture,1459.02,1,5/23/2022,8/20/2025 19:07
955,Nothing Concern,435,Books,1930.54,1,10/2/2022,4/24/2025 15:33
956,Figure Page,93,Health,639.84,1,4/10/2022,7/19/2025 18:41
957,We Respond,327,Health,212.7,1,10/22/2020,2/22/2025 15:46
958,Social Stock,72,Clothing,1491.96,1,7/2/2023,1/24/2025 0:35
959,Factor Trial,177,Clothing,339.94,1,7/30/2025,2/19/2025 6:41
960,Science Tree,420,Sports,1341.7,1,2/16/2021,4/7/2025 23:09
961,Child Seek,228,Electronics,534.1,1,9/27/2022,4/7/2025 3:22
962,Sort Threat,354,Electronics,704.21,1,5/5/2023,7/10/2025 2:05
963,Change Participant,368,Electronics,101.05,1,5/18/2025,4/15/2025 8:37
964,Product Join,375,Food,1938.36,1,3/11/2023,6/25/2025 12:52
965,Bag Property,252,Food,705.71,1,10/16/2020,6/6/2025 10:50
966,Myself So,51,Books,961.58,1,5/14/2022,5/24/2025 7:59
967,Look Method,83,Food,152.05,1,10/13/2022,8/15/2025 0:13
968,Able Trouble,150,Electronics,640.84,1,10/16/2020,6/28/2025 1:03
969,Prove Red,37,Clothing,344.36,1,1/17/2023,1/25/2025 14:17
970,Stuff Nor,82,Sports,154.63,1,5/20/2023,3/26/2025 14:19
971,Laugh Thank,173,Health,1970.63,1,10/20/2021,7/12/2025 3:04
972,Executive Future,360,Electronics,865.49,1,5/31/2022,5/12/2025 4:06
973,Officer Participant,310,Food,318.42,1,2/9/2021,8/8/2025 20:49
974,Together Memory,169,Furniture,1948.92,1,12/3/2022,1/19/2025 19:12
975,Any Bit,356,Health,1445.47,1,4/29/2025,6/28/2025 11:36
976,Admit Capital,338,Clothing,598.31,1,5/5/2021,6/21/2025 9:04
977,Loss A,25,Food,1145.68,1,8/22/2023,3/20/2025 13:44
978,Risk Where,78,Electronics,724.85,1,2/13/2021,4/28/2025 5:35
979,Cold Two,44,Clothing,1648.68,1,5/1/2022,2/6/2025 5:59
980,Real Herself,102,Electronics,56.34,1,2/16/2022,2/2/2025 0:12
981,Hot Red,326,Clothing,1954.23,1,7/9/2025,3/6/2025 6:48
982,Area Individual,432,Electronics,620.17,1,4/27/2025,4/29/2025 15:33
983,She Scene,241,Food,1790.28,1,12/28/2021,6/16/2025 16:43
984,Reality Benefit,46,Sports,1090.53,1,10/22/2020,1/1/2025 10:07
985,Different Me,189,Food,741.96,1,8/30/2020,2/21/2025 12:51
986,Personal Draw,22,Clothing,882.28,1,6/1/2024,6/22/2025 20:19
987,Act Across,115,Books,540.78,1,12/3/2022,2/16/2025 20:00
988,Trade Knowledge,77,Books,1394.46,1,2/14/2021,7/5/2025 12:29
989,Avoid Drop,43,Sports,690.86,1,4/5/2023,2/4/2025 16:37
990,Side Sure,497,Books,1181.5,1,11/14/2020,2/10/2025 1:54
991,Form Hold,430,Food,1637.72,1,7/18/2022,2/23/2025 6:08
992,Idea Staff,494,Health,1375.7,1,2/17/2021,2/25/2025 11:29
993,Authority Nice,293,Furniture,955.14,1,10/16/2024,1/4/2025 6:59
994,Poor Rate,202,Books,1430.04,1,5/24/2021,6/20/2025 22:01
995,Have Seven,61,Books,900.83,1,10/23/2021,9/1/2025 22:07
996,Smile Civil,497,Furniture,1617.88,1,7/3/2023,8/28/2025 6:14
997,Right Level,21,Food,161.35,1,11/5/2021,2/3/2025 15:59
998,Watch Black,103,Books,1256.32,1,3/11/2021,2/17/2025 19:54
999,Perform Show,163,Sports,1828.78,1,4/8/2023,5/17/2025 12:32
1000,Laugh Forward,44,Food,1114.95,1,3/10/2021,4/7/2025 5:32
